,12,12,12,34,34,34,567,567,567,bottom,bottom,bottom,all,all,all,upper,upper,upper,lower,lower,lower,middle,middle,middle
,mean,meanErr,max,mean,meanErr,max,mean,meanErr,max,mean,meanErr,max,mean,meanErr,max,mean,max,meanErr,mean,max,meanErr,mean,max,meanErr
241218,,,,,,,,,,6.134680714223441,0.10808349823161774,290.6964911061405,16.431922526904497,0.22530204920449984,604.4430502514483,2.50184628698169,91.26598704042247,0.08325643329576883,1.9647464255657374,116.78873987267494,0.09950600340077997,5.856642917578142,160.31124644674068,0.1821324638343117
